"id","year","population","population_man","population_woman"
0,1995,125570,61574,63996
0,1996,125864,61687,64177
0,1997,126166,61805,64361
0,1998,126486,61919,64568
0,1999,126686,61972,64714
0,2000,126926,62111,64815
0,2001,127291,62244,65047
0,2002,127435,62252,65183
0,2003,127619,62304,65315
0,2004,127687,62295,65392
0,2005,127768,62349,65419
0,2006,127770,62330,65440
0,2007,127771,62310,65461
0,2008,127692,62251,65441
0,2009,127510,62130,65380
0,2010,128057,62328,65730
0,2011,127799,62184,65615
0,2012,127515,62029,65486
0,2013,127298,61909,65388
0,2014,127083,61801,65282
0,2015,127095,61842,65253
0,2016,126933,61766,65167
0,2017,126706,61655,65051
0,2018,126443,61532,64911
0,2019,126167,61411,64756
0,2020,126146,61350,64797
0,2021,125502,61019,64483
0,2022,124947,60758,64189
0,2023,124352,60492,63859
1000,1995,5692,2737,2955
1000,1996,5699,2738,2960
1000,1997,5702,2738,2964
1000,1998,5700,2733,2967
1000,1999,5695,2727,2967
1000,2000,5683,2719,2964
1000,2001,5679,2714,2965
1000,2002,5670,2707,2962
1000,2003,5659,2700,2959
1000,2004,5644,2689,2955
1000,2005,5628,2675,2953
1000,2006,5601,2657,2943
1000,2007,5570,2638,2933
1000,2008,5535,2616,2920
1000,2009,5507,2599,2908
1000,2010,5506,2603,2903
1000,2011,5486,2591,2895
1000,2012,5460,2576,2884
1000,2013,5431,2561,2870
1000,2014,5400,2545,2855
1000,2015,5382,2537,2845
1000,2016,5352,2521,2830
1000,2017,5320,2506,2814
1000,2018,5286,2489,2797
1000,2019,5250,2472,2778
1000,2020,5225,2465,2760
1000,2021,5183,2446,2737
1000,2022,5140,2427,2714
1000,2023,5092,2405,2688
2000,1995,1482,704,777
2000,1996,1483,705,778
2000,1997,1480,703,777
2000,1998,1478,701,777
2000,1999,1475,700,776
2000,2000,1476,703,773
2000,2001,1474,701,773
2000,2002,1469,698,770
2000,2003,1462,694,767
2000,2004,1452,689,764
2000,2005,1437,679,758
2000,2006,1423,671,751
2000,2007,1407,663,744
2000,2008,1392,654,738
2000,2009,1379,648,731
2000,2010,1373,646,727
2000,2011,1363,641,722
2000,2012,1350,634,715
2000,2013,1335,627,708
2000,2014,1321,620,701
2000,2015,1308,615,694
2000,2016,1293,608,686
2000,2017,1278,600,678
2000,2018,1263,593,670
2000,2019,1246,585,661
2000,2020,1238,583,655
2000,2021,1221,575,646
2000,2022,1204,568,636
2000,2023,1184,559,626
3000,1995,1420,682,738
3000,1996,1420,682,738
3000,1997,1418,681,737
3000,1998,1416,680,737
3000,1999,1414,678,736
3000,2000,1416,681,735
3000,2001,1413,680,734
3000,2002,1407,676,732
3000,2003,1402,672,729
3000,2004,1395,669,726
3000,2005,1385,664,721
3000,2006,1375,658,717
3000,2007,1364,652,712
3000,2008,1352,645,707
3000,2009,1340,639,701
3000,2010,1330,635,695
3000,2011,1314,627,687
3000,2012,1303,623,680
3000,2013,1295,619,676
3000,2014,1284,614,670
3000,2015,1280,616,664
3000,2016,1268,610,658
3000,2017,1255,604,651
3000,2018,1241,598,643
3000,2019,1227,592,635
3000,2020,1211,583,628
3000,2021,1196,577,620
3000,2022,1181,570,611
3000,2023,1163,562,602
4000,1995,2329,1145,1184
4000,1996,2338,1148,1190
4000,1997,2348,1152,1196
4000,1998,2355,1154,1201
4000,1999,2360,1156,1205
4000,2000,2365,1159,1207
4000,2001,2371,1160,1211
4000,2002,2371,1158,1213
4000,2003,2373,1158,1215
4000,2004,2371,1156,1216
4000,2005,2360,1149,1211
4000,2006,2355,1145,1210
4000,2007,2347,1140,1208
4000,2008,2340,1135,1205
4000,2009,2336,1132,1204
4000,2010,2348,1140,1209
4000,2011,2327,1130,1197
4000,2012,2325,1131,1194
4000,2013,2328,1133,1194
4000,2014,2328,1134,1194
4000,2015,2334,1140,1194
4000,2016,2330,1139,1191
4000,2017,2323,1136,1188
4000,2018,2316,1132,1184
4000,2019,2306,1127,1179
4000,2020,2302,1123,1179
4000,2021,2290,1117,1174
4000,2022,2280,1112,1168
4000,2023,2264,1105,1160
5000,1995,1214,578,636
5000,1996,1210,576,634
5000,1997,1206,573,632
5000,1998,1201,570,631
5000,1999,1196,568,629
5000,2000,1189,565,625
5000,2001,1184,562,622
5000,2002,1176,557,619
5000,2003,1167,552,615
5000,2004,1159,548,611
5000,2005,1146,541,605
5000,2006,1134,534,599
5000,2007,1121,527,593
5000,2008,1108,521,587
5000,2009,1096,514,581
5000,2010,1086,510,576
5000,2011,1075,505,570
5000,2012,1063,498,564
5000,2013,1050,493,558
5000,2014,1037,486,551
5000,2015,1023,480,543
5000,2016,1010,474,536
5000,2017,996,468,528
5000,2018,981,461,520
5000,2019,966,454,512
5000,2020,960,452,507
5000,2021,945,446,499
5000,2022,930,439,491
5000,2023,914,432,482
6000,1995,1257,607,650
6000,1996,1256,607,649
6000,1997,1255,606,649
6000,1998,1253,606,647
6000,1999,1250,604,646
6000,2000,1244,601,643
6000,2001,1241,599,642
6000,2002,1235,596,639
6000,2003,1230,593,637
6000,2004,1223,589,634
6000,2005,1216,585,631
6000,2006,1208,580,627
6000,2007,1198,575,623
6000,2008,1188,570,618
6000,2009,1179,565,613
6000,2010,1169,561,608
6000,2011,1161,557,604
6000,2012,1152,553,599
6000,2013,1141,548,593
6000,2014,1131,543,588
6000,2015,1124,540,584
6000,2016,1113,536,578
6000,2017,1102,531,571
6000,2018,1090,526,565
6000,2019,1078,520,558
6000,2020,1068,516,552
6000,2021,1055,511,544
6000,2022,1041,505,536
6000,2023,1026,498,528
7000,1995,2134,1042,1092
7000,1996,2136,1043,1093
7000,1997,2137,1044,1093
7000,1998,2137,1044,1093
7000,1999,2135,1043,1093
7000,2000,2127,1038,1089
7000,2001,2125,1037,1088
7000,2002,2120,1033,1086
7000,2003,2113,1030,1084
7000,2004,2106,1025,1081
7000,2005,2091,1017,1075
7000,2006,2080,1011,1069
7000,2007,2067,1004,1063
7000,2008,2052,996,1056
7000,2009,2040,989,1051
7000,2010,2029,985,1044
7000,2011,1990,967,1023
7000,2012,1962,954,1007
7000,2013,1946,948,999
7000,2014,1935,944,991
7000,2015,1914,946,968
7000,2016,1901,941,960
7000,2017,1882,932,951
7000,2018,1864,923,941
7000,2019,1846,914,931
7000,2020,1833,904,929
7000,2021,1812,894,918
7000,2022,1790,884,906
7000,2023,1767,873,894
8000,1995,2956,1476,1479
8000,1996,2972,1484,1488
8000,1997,2983,1489,1494
8000,1998,2996,1495,1501
8000,1999,3002,1498,1505
8000,2000,2986,1488,1497
8000,2001,2992,1491,1501
8000,2002,2990,1488,1502
8000,2003,2991,1488,1503
8000,2004,2989,1486,1503
8000,2005,2975,1480,1495
8000,2006,2972,1479,1493
8000,2007,2969,1477,1492
8000,2008,2964,1475,1489
8000,2009,2960,1473,1488
8000,2010,2970,1480,1490
8000,2011,2958,1474,1483
8000,2012,2943,1467,1476
8000,2013,2931,1461,1470
8000,2014,2919,1455,1464
8000,2015,2917,1454,1463
8000,2016,2905,1448,1457
8000,2017,2892,1442,1450
8000,2018,2877,1435,1442
8000,2019,2860,1427,1433
8000,2020,2867,1431,1436
8000,2021,2852,1423,1428
8000,2022,2840,1418,1422
8000,2023,2825,1412,1412
9000,1995,1984,987,997
9000,1996,1993,991,1001
9000,1997,2001,995,1006
9000,1998,2008,998,1009
9000,1999,2012,1001,1011
9000,2000,2005,996,1009
9000,2001,2010,998,1012
9000,2002,2010,998,1012
9000,2003,2011,998,1013
9000,2004,2013,998,1014
9000,2005,2017,1002,1015
9000,2006,2015,1001,1014
9000,2007,2014,1001,1013
9000,2008,2011,1000,1011
9000,2009,2006,997,1009
9000,2010,2008,997,1011
9000,2011,2000,994,1006
9000,2012,1992,989,1002
9000,2013,1986,986,999
9000,2014,1980,984,996
9000,2015,1974,982,993
9000,2016,1966,978,988
9000,2017,1957,974,983
9000,2018,1946,969,977
9000,2019,1934,964,970
9000,2020,1933,965,968
9000,2021,1921,958,963
9000,2022,1909,952,956
9000,2023,1897,948,950
10000,1995,2004,990,1014
10000,1996,2011,993,1018
10000,1997,2018,996,1021
10000,1998,2025,1000,1025
10000,1999,2030,1002,1027
10000,2000,2025,999,1026
10000,2001,2031,1002,1029
10000,2002,2032,1002,1031
10000,2003,2034,1002,1032
10000,2004,2033,1002,1031
10000,2005,2024,996,1028
10000,2006,2021,995,1026
10000,2007,2016,993,1024
10000,2008,2012,990,1022
10000,2009,2007,988,1020
10000,2010,2008,988,1020
10000,2011,2001,984,1016
10000,2012,1992,980,1012
10000,2013,1984,976,1008
10000,2014,1976,973,1003
10000,2015,1973,973,1000
10000,2016,1967,971,996
10000,2017,1960,968,992
10000,2018,1952,965,987
10000,2019,1942,962,981
10000,2020,1939,959,980
10000,2021,1927,953,974
10000,2022,1913,947,966
10000,2023,1902,942,960
11000,1995,6759,3419,3340
11000,1996,6809,3443,3366
11000,1997,6852,3463,3389
11000,1998,6894,3483,3411
11000,1999,6929,3500,3429
11000,2000,6938,3500,3438
11000,2001,6978,3519,3458
11000,2002,7001,3528,3473
11000,2003,7029,3541,3488
11000,2004,7047,3548,3499
11000,2005,7054,3555,3499
11000,2006,7071,3561,3510
11000,2007,7090,3570,3520
11000,2008,7113,3580,3533
11000,2009,7130,3586,3544
11000,2010,7195,3609,3586
11000,2011,7207,3612,3595
11000,2012,7212,3612,3600
11000,2013,7222,3615,3608
11000,2014,7239,3622,3617
11000,2015,7267,3628,3638
11000,2016,7289,3639,3651
11000,2017,7310,3648,3662
11000,2018,7330,3658,3672
11000,2019,7350,3668,3682
11000,2020,7345,3652,3693
11000,2021,7340,3646,3694
11000,2022,7337,3643,3694
11000,2023,7331,3640,3691
12000,1995,5798,2924,2874
12000,1996,5824,2935,2889
12000,1997,5852,2948,2905
12000,1998,5887,2963,2924
12000,1999,5920,2979,2942
12000,2000,5926,2977,2949
12000,2001,5968,2996,2973
12000,2002,5994,3006,2989
12000,2003,6024,3018,3006
12000,2004,6039,3023,3017
12000,2005,6056,3029,3027
12000,2006,6074,3036,3037
12000,2007,6098,3047,3051
12000,2008,6122,3058,3064
12000,2009,6139,3066,3073
12000,2010,6216,3098,3118
12000,2011,6214,3096,3118
12000,2012,6195,3084,3111
12000,2013,6192,3080,3112
12000,2014,6197,3082,3115
12000,2015,6223,3096,3127
12000,2016,6236,3099,3136
12000,2017,6246,3103,3143
12000,2018,6255,3105,3150
12000,2019,6259,3105,3155
12000,2020,6284,3118,3166
12000,2021,6275,3111,3164
12000,2022,6266,3104,3162
12000,2023,6257,3099,3158
13000,1995,11774,5893,5881
13000,1996,11772,5884,5888
13000,1997,11808,5897,5911
13000,1998,11830,5890,5940
13000,1999,11837,5873,5964
13000,2000,12064,6029,6036
13000,2001,12138,6049,6090
13000,2002,12219,6080,6138
13000,2003,12310,6120,6190
13000,2004,12378,6148,6231
13000,2005,12577,6265,6312
13000,2006,12659,6305,6354
13000,2007,12758,6354,6405
13000,2008,12838,6393,6446
13000,2009,12868,6403,6466
13000,2010,13159,6512,6647
13000,2011,13196,6524,6672
13000,2012,13230,6536,6694
13000,2013,13300,6566,6733
13000,2014,13390,6608,6782
13000,2015,13515,6667,6849
13000,2016,13624,6717,6907
13000,2017,13724,6760,6964
13000,2018,13822,6802,7020
13000,2019,13921,6846,7075
13000,2020,14048,6898,7149
13000,2021,14010,6875,7135
13000,2022,14038,6889,7149
13000,2023,14086,6914,7172
14000,1995,8246,4210,4036
14000,1996,8282,4221,4061
14000,1997,8325,4238,4088
14000,1998,8392,4267,4124
14000,1999,8443,4289,4154
14000,2000,8490,4309,4181
14000,2001,8570,4345,4225
14000,2002,8625,4366,4260
14000,2003,8687,4392,4295
14000,2004,8732,4408,4324
14000,2005,8792,4445,4347
14000,2006,8830,4461,4369
14000,2007,8880,4484,4396
14000,2008,8917,4500,4417
14000,2009,8943,4508,4436
14000,2010,9048,4545,4504
14000,2011,9058,4543,4515
14000,2012,9067,4543,4524
14000,2013,9079,4544,4535
14000,2014,9096,4548,4548
14000,2015,9126,4559,4567
14000,2016,9145,4565,4580
14000,2017,9159,4569,4590
14000,2018,9177,4576,4601
14000,2019,9198,4585,4613
14000,2020,9237,4588,4649
14000,2021,9236,4584,4652
14000,2022,9232,4579,4653
14000,2023,9229,4578,4651
15000,1995,2488,1210,1279
15000,1996,2492,1212,1280
15000,1997,2494,1213,1281
15000,1998,2494,1212,1281
15000,1999,2490,1210,1280
15000,2000,2476,1202,1274
15000,2001,2473,1200,1272
15000,2002,2465,1196,1270
15000,2003,2460,1192,1267
15000,2004,2452,1188,1264
15000,2005,2431,1177,1255
15000,2006,2418,1170,1248
15000,2007,2405,1163,1242
15000,2008,2391,1156,1235
15000,2009,2378,1149,1229
15000,2010,2374,1148,1226
15000,2011,2362,1142,1220
15000,2012,2347,1135,1212
15000,2013,2330,1127,1203
15000,2014,2313,1119,1194
15000,2015,2304,1115,1189
15000,2016,2286,1107,1179
15000,2017,2267,1098,1169
15000,2018,2246,1088,1157
15000,2019,2223,1078,1145
15000,2020,2201,1069,1133
15000,2021,2177,1057,1120
15000,2022,2153,1046,1107
15000,2023,2126,1034,1092
16000,1995,1123,541,582
16000,1996,1126,542,583
16000,1997,1126,543,584
16000,1998,1126,543,584
16000,1999,1125,542,583
16000,2000,1121,540,581
16000,2001,1121,540,581
16000,2002,1119,539,580
16000,2003,1117,538,579
16000,2004,1117,538,579
16000,2005,1112,536,576
16000,2006,1110,535,575
16000,2007,1106,533,573
16000,2008,1101,531,571
16000,2009,1095,528,568
16000,2010,1093,527,567
16000,2011,1088,524,563
16000,2012,1082,522,560
16000,2013,1076,519,557
16000,2014,1070,516,554
16000,2015,1066,515,551
16000,2016,1061,513,548
16000,2017,1056,511,544
16000,2018,1050,510,541
16000,2019,1044,506,537
16000,2020,1035,503,532
16000,2021,1025,498,527
16000,2022,1017,495,522
16000,2023,1007,490,516
17000,1995,1180,571,609
17000,1996,1182,572,611
17000,1997,1184,572,612
17000,1998,1185,573,612
17000,1999,1186,573,612
17000,2000,1181,572,609
17000,2001,1182,573,610
17000,2002,1180,571,609
17000,2003,1180,571,609
17000,2004,1179,570,609
17000,2005,1174,567,607
17000,2006,1172,566,606
17000,2007,1170,565,605
17000,2008,1168,564,604
17000,2009,1165,562,603
17000,2010,1170,565,605
17000,2011,1166,563,603
17000,2012,1163,562,601
17000,2013,1159,561,598
17000,2014,1156,560,596
17000,2015,1154,559,595
17000,2016,1151,557,594
17000,2017,1147,556,591
17000,2018,1143,555,589
17000,2019,1138,553,585
17000,2020,1133,550,583
17000,2021,1125,546,579
17000,2022,1118,543,575
17000,2023,1109,539,570
18000,1995,827,402,425
18000,1996,829,403,426
18000,1997,829,403,426
18000,1998,830,403,427
18000,1999,831,403,427
18000,2000,829,402,427
18000,2001,830,402,427
18000,2002,828,401,427
18000,2003,827,401,426
18000,2004,825,399,425
18000,2005,822,397,424
18000,2006,819,396,423
18000,2007,816,395,421
18000,2008,812,393,419
18000,2009,808,390,418
18000,2010,806,390,417
18000,2011,803,388,415
18000,2012,799,387,412
18000,2013,795,385,410
18000,2014,790,382,407
18000,2015,787,381,405
18000,2016,782,380,403
18000,2017,779,378,401
18000,2018,774,376,398
18000,2019,768,374,394
18000,2020,767,374,393
18000,2021,760,371,389
18000,2022,753,368,385
18000,2023,744,364,380
19000,1995,882,435,447
19000,1996,886,437,449
19000,1997,889,438,451
19000,1998,892,440,452
19000,1999,893,440,453
19000,2000,888,437,451
19000,2001,890,438,452
19000,2002,889,436,453
19000,2003,887,435,452
19000,2004,886,434,452
19000,2005,885,434,451
19000,2006,880,431,449
19000,2007,877,429,447
19000,2008,871,426,445
19000,2009,867,424,443
19000,2010,863,423,441
19000,2011,857,420,438
19000,2012,852,417,435
19000,2013,847,414,433
19000,2014,841,411,430
19000,2015,835,408,427
19000,2016,830,406,424
19000,2017,823,403,421
19000,2018,817,400,417
19000,2019,811,397,414
19000,2020,810,397,413
19000,2021,805,395,410
19000,2022,802,394,408
19000,2023,796,391,404
20000,1995,2194,1070,1124
20000,1996,2206,1077,1130
20000,1997,2213,1081,1133
20000,1998,2220,1084,1136
20000,1999,2223,1086,1138
20000,2000,2215,1081,1134
20000,2001,2223,1086,1138
20000,2002,2217,1081,1136
20000,2003,2215,1079,1136
20000,2004,2211,1077,1135
20000,2005,2196,1068,1128
20000,2006,2189,1065,1124
20000,2007,2180,1060,1120
20000,2008,2171,1055,1115
20000,2009,2159,1049,1110
20000,2010,2152,1046,1106
20000,2011,2142,1041,1101
20000,2012,2132,1037,1095
20000,2013,2122,1031,1090
20000,2014,2109,1025,1084
20000,2015,2099,1022,1077
20000,2016,2088,1017,1071
20000,2017,2076,1012,1064
20000,2018,2063,1006,1057
20000,2019,2049,1000,1049
20000,2020,2048,1000,1048
20000,2021,2033,994,1040
20000,2022,2020,988,1032
20000,2023,2004,981,1023
21000,1995,2100,1020,1081
21000,1996,2107,1022,1084
21000,1997,2111,1025,1086
21000,1998,2115,1027,1089
21000,1999,2118,1027,1090
21000,2000,2108,1022,1086
21000,2001,2111,1024,1087
21000,2002,2111,1023,1087
21000,2003,2111,1023,1088
21000,2004,2110,1022,1088
21000,2005,2107,1021,1087
21000,2006,2105,1019,1086
21000,2007,2104,1019,1085
21000,2008,2100,1017,1083
21000,2009,2092,1013,1079
21000,2010,2081,1006,1075
21000,2011,2071,1002,1069
21000,2012,2061,998,1064
21000,2013,2051,993,1059
21000,2014,2041,988,1053
21000,2015,2032,984,1048
21000,2016,2022,979,1043
21000,2017,2008,973,1035
21000,2018,1997,968,1029
21000,2019,1987,964,1022
21000,2020,1979,960,1018
21000,2021,1961,952,1009
21000,2022,1946,945,1001
21000,2023,1931,938,993
22000,1995,3738,1842,1896
22000,1996,3749,1847,1903
22000,1997,3760,1851,1908
22000,1998,3770,1857,1913
22000,1999,3776,1859,1917
22000,2000,3767,1857,1910
22000,2001,3781,1864,1917
22000,2002,3786,1866,1920
22000,2003,3793,1869,1924
22000,2004,3795,1870,1925
22000,2005,3792,1868,1924
22000,2006,3797,1872,1925
22000,2007,3801,1875,1926
22000,2008,3800,1875,1925
22000,2009,3792,1870,1922
22000,2010,3765,1854,1911
22000,2011,3749,1846,1903
22000,2012,3735,1839,1895
22000,2013,3723,1833,1890
22000,2014,3705,1824,1881
22000,2015,3700,1821,1879
22000,2016,3688,1815,1872
22000,2017,3675,1810,1866
22000,2018,3659,1803,1856
22000,2019,3644,1797,1847
22000,2020,3633,1791,1842
22000,2021,3608,1778,1829
22000,2022,3582,1766,1816
22000,2023,3555,1754,1801
23000,1995,6868,3439,3429
23000,1996,6897,3453,3445
23000,1997,6932,3469,3463
23000,1998,6974,3491,3483
23000,1999,7008,3507,3501
23000,2000,7043,3526,3518
23000,2001,7087,3547,3540
23000,2002,7123,3562,3562
23000,2003,7158,3579,3579
23000,2004,7192,3596,3596
23000,2005,7255,3639,3616
23000,2006,7308,3670,3638
23000,2007,7360,3699,3661
23000,2008,7403,3723,3680
23000,2009,7418,3729,3689
23000,2010,7411,3704,3706
23000,2011,7416,3705,3711
23000,2012,7427,3711,3716
23000,2013,7443,3718,3724
23000,2014,7455,3725,3731
23000,2015,7483,3741,3742
23000,2016,7507,3755,3752
23000,2017,7525,3764,3761
23000,2018,7537,3770,3767
23000,2019,7552,3780,3773
23000,2020,7542,3762,3781
23000,2021,7517,3746,3771
23000,2022,7495,3734,3761
23000,2023,7477,3726,3751
24000,1995,1841,894,947
24000,1996,1849,898,951
24000,1997,1855,901,954
24000,1998,1861,903,958
24000,1999,1864,905,959
24000,2000,1857,901,956
24000,2001,1861,904,958
24000,2002,1861,903,958
24000,2003,1862,903,959
24000,2004,1864,904,960
24000,2005,1867,907,960
24000,2006,1873,911,962
24000,2007,1876,913,963
24000,2008,1875,913,962
24000,2009,1870,910,960
24000,2010,1855,903,951
24000,2011,1847,900,947
24000,2012,1840,896,944
24000,2013,1833,893,940
24000,2014,1825,890,936
24000,2015,1816,884,932
24000,2016,1808,880,928
24000,2017,1800,877,923
24000,2018,1791,874,917
24000,2019,1781,870,911
24000,2020,1770,864,906
24000,2021,1756,857,898
24000,2022,1742,851,891
24000,2023,1727,844,882
25000,1995,1287,635,652
25000,1996,1298,640,658
25000,1997,1311,647,664
25000,1998,1323,653,670
25000,1999,1333,658,675
25000,2000,1343,663,679
25000,2001,1353,669,685
25000,2002,1359,671,688
25000,2003,1366,674,692
25000,2004,1372,676,696
25000,2005,1380,681,699
25000,2006,1389,687,702
25000,2007,1396,690,706
25000,2008,1402,694,708
25000,2009,1405,695,710
25000,2010,1411,697,714
25000,2011,1414,698,715
25000,2012,1415,699,716
25000,2013,1416,700,716
25000,2014,1416,699,716
25000,2015,1413,697,716
25000,2016,1413,697,716
25000,2017,1413,697,716
25000,2018,1412,697,715
25000,2019,1414,699,715
25000,2020,1414,697,716
25000,2021,1411,696,715
25000,2022,1409,695,714
25000,2023,1407,695,712
26000,1995,2630,1277,1353
26000,1996,2631,1277,1354
26000,1997,2631,1276,1355
26000,1998,2634,1276,1357
26000,1999,2633,1274,1358
26000,2000,2644,1278,1366
26000,2001,2646,1277,1368
26000,2002,2642,1274,1369
26000,2003,2641,1272,1369
26000,2004,2638,1270,1369
26000,2005,2648,1273,1375
26000,2006,2643,1270,1373
26000,2007,2635,1266,1370
26000,2008,2629,1262,1367
26000,2009,2622,1258,1364
26000,2010,2636,1265,1371
26000,2011,2632,1263,1369
26000,2012,2625,1259,1366
26000,2013,2617,1254,1363
26000,2014,2610,1250,1359
26000,2015,2610,1249,1361
26000,2016,2605,1246,1359
26000,2017,2599,1242,1357
26000,2018,2591,1238,1353
26000,2019,2583,1234,1349
26000,2020,2578,1231,1347
26000,2021,2561,1223,1339
26000,2022,2550,1217,1333
26000,2023,2535,1210,1325
27000,1995,8797,4322,4476
27000,1996,8804,4323,4481
27000,1997,8802,4318,4484
27000,1998,8804,4314,4491
27000,1999,8801,4307,4494
27000,2000,8805,4304,4501
27000,2001,8818,4304,4514
27000,2002,8815,4296,4519
27000,2003,8816,4290,4525
27000,2004,8814,4284,4530
27000,2005,8817,4281,4537
27000,2006,8815,4275,4540
27000,2007,8812,4269,4543
27000,2008,8806,4263,4543
27000,2009,8801,4258,4542
27000,2010,8865,4286,4580
27000,2011,8861,4280,4581
27000,2012,8856,4274,4582
27000,2013,8849,4267,4582
27000,2014,8836,4256,4579
27000,2015,8839,4256,4583
27000,2016,8833,4249,4583
27000,2017,8823,4241,4583
27000,2018,8813,4232,4581
27000,2019,8809,4227,4582
27000,2020,8838,4236,4602
27000,2021,8806,4216,4590
27000,2022,8782,4202,4580
27000,2023,8763,4191,4572
28000,1995,5402,2612,2790
28000,1996,5410,2615,2795
28000,1997,5433,2624,2809
28000,1998,5461,2636,2825
28000,1999,5484,2645,2839
28000,2000,5551,2675,2876
28000,2001,5571,2681,2890
28000,2002,5578,2680,2898
28000,2003,5585,2680,2905
28000,2004,5587,2678,2909
28000,2005,5591,2680,2910
28000,2006,5590,2678,2912
28000,2007,5589,2676,2913
28000,2008,5586,2674,2912
28000,2009,5583,2671,2912
28000,2010,5588,2673,2915
28000,2011,5582,2669,2913
28000,2012,5571,2663,2908
28000,2013,5558,2655,2903
28000,2014,5541,2645,2896
28000,2015,5535,2642,2893
28000,2016,5520,2633,2887
28000,2017,5503,2624,2879
28000,2018,5484,2614,2870
28000,2019,5466,2605,2861
28000,2020,5465,2600,2865
28000,2021,5432,2582,2850
28000,2022,5402,2567,2835
28000,2023,5370,2551,2819
29000,1995,1431,689,742
29000,1996,1439,692,747
29000,1997,1444,694,750
29000,1998,1447,695,752
29000,1999,1449,696,754
29000,2000,1443,691,752
29000,2001,1442,690,752
29000,2002,1438,687,751
29000,2003,1436,685,750
29000,2004,1431,683,748
29000,2005,1421,676,745
29000,2006,1416,673,743
29000,2007,1410,669,741
29000,2008,1404,666,738
29000,2009,1399,663,736
29000,2010,1401,663,737
29000,2011,1396,660,735
29000,2012,1390,657,733
29000,2013,1383,653,730
29000,2014,1376,649,726
29000,2015,1364,644,720
29000,2016,1356,640,717
29000,2017,1348,635,712
29000,2018,1339,631,708
29000,2019,1330,626,704
29000,2020,1324,624,701
29000,2021,1315,619,696
29000,2022,1306,614,691
29000,2023,1296,609,686
30000,1995,1080,513,567
30000,1996,1080,513,567
30000,1997,1078,511,567
30000,1998,1076,510,566
30000,1999,1074,509,565
30000,2000,1070,507,563
30000,2001,1066,505,562
30000,2002,1061,502,559
30000,2003,1056,499,557
30000,2004,1050,496,554
30000,2005,1036,488,548
30000,2006,1028,484,544
30000,2007,1019,479,540
30000,2008,1012,475,536
30000,2009,1004,471,533
30000,2010,1002,471,531
30000,2011,995,468,527
30000,2012,988,464,523
30000,2013,979,461,519
30000,2014,971,457,515
30000,2015,964,453,510
30000,2016,954,449,505
30000,2017,945,444,501
30000,2018,935,440,495
30000,2019,925,435,490
30000,2020,923,435,488
30000,2021,914,431,483
30000,2022,903,426,477
30000,2023,892,420,471
31000,1995,615,294,321
31000,1996,614,294,321
31000,1997,614,294,320
31000,1998,615,294,321
31000,1999,614,294,320
31000,2000,613,293,320
31000,2001,613,293,320
31000,2002,612,293,319
31000,2003,611,292,318
31000,2004,609,291,318
31000,2005,607,290,317
31000,2006,604,289,315
31000,2007,600,286,314
31000,2008,595,284,311
31000,2009,591,282,309
31000,2010,589,281,308
31000,2011,585,279,306
31000,2012,582,277,304
31000,2013,578,275,302
31000,2014,574,274,300
31000,2015,573,274,300
31000,2016,570,272,298
31000,2017,565,270,295
31000,2018,560,268,293
31000,2019,556,266,290
31000,2020,553,264,289
31000,2021,549,262,286
31000,2022,544,260,284
31000,2023,537,257,280
32000,1995,771,369,403
32000,1996,770,368,402
32000,1997,768,367,401
32000,1998,766,366,400
32000,1999,764,365,399
32000,2000,762,364,398
32000,2001,761,364,397
32000,2002,757,361,395
32000,2003,753,359,394
32000,2004,749,357,392
32000,2005,742,354,389
32000,2006,737,351,386
32000,2007,731,348,383
32000,2008,725,345,380
32000,2009,718,342,376
32000,2010,717,343,374
32000,2011,712,341,372
32000,2012,707,338,368
32000,2013,702,336,366
32000,2014,697,334,363
32000,2015,694,333,361
32000,2016,690,331,358
32000,2017,685,330,355
32000,2018,680,328,352
32000,2019,674,326,349
32000,2020,671,324,347
32000,2021,665,322,343
32000,2022,658,318,340
32000,2023,650,314,335
33000,1995,1951,938,1012
33000,1996,1953,939,1014
33000,1997,1956,940,1016
33000,1998,1958,941,1017
33000,1999,1959,941,1018
33000,2000,1951,936,1015
33000,2001,1953,937,1016
33000,2002,1953,936,1016
33000,2003,1953,936,1017
33000,2004,1952,936,1017
33000,2005,1957,939,1019
33000,2006,1955,937,1017
33000,2007,1953,936,1016
33000,2008,1948,934,1014
33000,2009,1942,931,1011
33000,2010,1945,933,1012
33000,2011,1941,931,1010
33000,2012,1936,929,1007
33000,2013,1930,926,1004
33000,2014,1924,923,1001
33000,2015,1922,922,999
33000,2016,1915,919,996
33000,2017,1907,916,991
33000,2018,1898,912,986
33000,2019,1890,909,980
33000,2020,1888,908,980
33000,2021,1876,902,974
33000,2022,1862,896,966
33000,2023,1847,889,958
34000,1995,2882,1399,1483
34000,1996,2882,1398,1484
34000,1997,2883,1397,1485
34000,1998,2884,1398,1486
34000,1999,2883,1397,1486
34000,2000,2879,1392,1486
34000,2001,2879,1392,1487
34000,2002,2878,1390,1488
34000,2003,2878,1390,1488
34000,2004,2878,1389,1488
34000,2005,2877,1390,1486
34000,2006,2875,1389,1485
34000,2007,2873,1389,1485
34000,2008,2869,1387,1482
34000,2009,2863,1383,1480
34000,2010,2861,1381,1480
34000,2011,2855,1378,1477
34000,2012,2848,1374,1474
34000,2013,2840,1370,1470
34000,2014,2833,1367,1466
34000,2015,2844,1376,1468
34000,2016,2837,1375,1462
34000,2017,2829,1372,1457
34000,2018,2817,1367,1450
34000,2019,2804,1362,1442
34000,2020,2800,1357,1443
34000,2021,2780,1347,1432
34000,2022,2760,1338,1422
34000,2023,2738,1329,1409
35000,1995,1556,737,819
35000,1996,1551,734,817
35000,1997,1547,732,815
35000,1998,1543,729,813
35000,1999,1538,727,811
35000,2000,1528,723,805
35000,2001,1524,721,803
35000,2002,1518,717,801
35000,2003,1512,714,798
35000,2004,1504,711,794
35000,2005,1493,704,789
35000,2006,1483,699,784
35000,2007,1474,694,780
35000,2008,1463,689,774
35000,2009,1455,685,770
35000,2010,1451,684,767
35000,2011,1442,680,762
35000,2012,1431,675,756
35000,2013,1420,670,750
35000,2014,1408,665,744
35000,2015,1405,665,740
35000,2016,1394,660,734
35000,2017,1383,655,727
35000,2018,1370,650,720
35000,2019,1358,645,713
35000,2020,1342,637,705
35000,2021,1328,630,697
35000,2022,1313,624,689
35000,2023,1298,618,680
36000,1995,832,396,437
36000,1996,832,395,437
36000,1997,831,395,436
36000,1998,831,395,436
36000,1999,830,394,436
36000,2000,824,392,432
36000,2001,822,391,432
36000,2002,820,389,431
36000,2003,817,388,429
36000,2004,813,386,428
36000,2005,810,385,425
36000,2006,805,382,423
36000,2007,800,380,420
36000,2008,794,377,417
36000,2009,789,374,415
36000,2010,785,373,413
36000,2011,780,370,410
36000,2012,776,368,407
36000,2013,770,366,404
36000,2014,764,363,401
36000,2015,756,360,396
36000,2016,750,357,393
36000,2017,743,354,389
36000,2018,736,351,385
36000,2019,728,347,381
36000,2020,720,343,376
36000,2021,712,340,372
36000,2022,704,336,368
36000,2023,695,332,363
37000,1995,1027,493,534
37000,1996,1028,494,534
37000,1997,1028,494,534
37000,1998,1029,494,535
37000,1999,1029,495,535
37000,2000,1023,492,531
37000,2001,1022,491,531
37000,2002,1021,490,530
37000,2003,1020,490,530
37000,2004,1018,489,529
37000,2005,1012,486,526
37000,2006,1009,484,525
37000,2007,1006,483,523
37000,2008,1003,481,521
37000,2009,999,479,520
37000,2010,996,480,516
37000,2011,992,478,514
37000,2012,989,477,512
37000,2013,985,475,510
37000,2014,981,473,508
37000,2015,976,472,504
37000,2016,972,471,502
37000,2017,967,469,499
37000,2018,962,466,496
37000,2019,956,464,492
37000,2020,950,459,491
37000,2021,942,455,487
37000,2022,934,451,483
37000,2023,926,448,478
38000,1995,1507,713,794
38000,1996,1505,712,793
38000,1997,1504,711,793
38000,1998,1502,710,792
38000,1999,1497,707,790
38000,2000,1493,704,789
38000,2001,1491,703,788
38000,2002,1486,701,786
38000,2003,1483,699,784
38000,2004,1477,696,781
38000,2005,1468,692,776
38000,2006,1460,688,772
38000,2007,1452,683,769
38000,2008,1444,679,765
38000,2009,1436,675,761
38000,2010,1431,673,758
38000,2011,1423,670,754
38000,2012,1415,666,749
38000,2013,1405,661,744
38000,2014,1395,657,738
38000,2015,1385,654,731
38000,2016,1375,650,725
38000,2017,1364,645,719
38000,2018,1352,639,713
38000,2019,1339,634,705
38000,2020,1335,633,702
38000,2021,1321,627,694
38000,2022,1306,620,686
38000,2023,1291,613,678
39000,1995,817,384,432
39000,1996,815,383,432
39000,1997,814,382,431
39000,1998,812,381,431
39000,1999,810,381,430
39000,2000,814,384,430
39000,2001,813,383,430
39000,2002,810,382,428
39000,2003,807,380,427
39000,2004,803,378,425
39000,2005,796,374,422
39000,2006,789,371,419
39000,2007,782,366,415
39000,2008,773,362,411
39000,2009,766,359,408
39000,2010,764,359,405
39000,2011,758,356,402
39000,2012,752,353,399
39000,2013,745,350,395
39000,2014,738,347,391
39000,2015,728,343,386
39000,2016,721,339,382
39000,2017,714,336,377
39000,2018,706,333,373
39000,2019,698,329,369
39000,2020,692,327,365
39000,2021,684,323,361
39000,2022,676,320,356
39000,2023,666,316,351
40000,1995,4933,2358,2576
40000,1996,4952,2365,2587
40000,1997,4970,2371,2599
40000,1998,4988,2378,2610
40000,1999,5000,2383,2617
40000,2000,5016,2389,2627
40000,2001,5032,2395,2637
40000,2002,5043,2397,2646
40000,2003,5051,2400,2651
40000,2004,5058,2402,2657
40000,2005,5050,2394,2656
40000,2006,5054,2395,2659
40000,2007,5056,2394,2662
40000,2008,5054,2392,2663
40000,2009,5053,2390,2663
40000,2010,5072,2394,2678
40000,2011,5079,2397,2682
40000,2012,5085,2400,2686
40000,2013,5090,2402,2688
40000,2014,5091,2403,2688
40000,2015,5102,2410,2691
40000,2016,5104,2413,2692
40000,2017,5107,2415,2692
40000,2018,5107,2416,2691
40000,2019,5104,2416,2688
40000,2020,5135,2431,2704
40000,2021,5124,2425,2698
40000,2022,5116,2423,2693
40000,2023,5103,2418,2685
41000,1995,884,419,466
41000,1996,886,419,466
41000,1997,885,419,466
41000,1998,884,418,466
41000,1999,884,418,466
41000,2000,877,414,462
41000,2001,876,414,462
41000,2002,874,413,461
41000,2003,872,412,460
41000,2004,870,410,459
41000,2005,866,408,458
41000,2006,863,406,457
41000,2007,859,404,455
41000,2008,856,402,454
41000,2009,852,400,452
41000,2010,850,400,450
41000,2011,847,399,448
41000,2012,843,397,446
41000,2013,840,396,444
41000,2014,835,393,442
41000,2015,833,393,440
41000,2016,828,391,437
41000,2017,824,389,434
41000,2018,819,388,432
41000,2019,815,386,429
41000,2020,811,384,427
41000,2021,806,382,424
41000,2022,801,380,421
41000,2023,795,377,417
42000,1995,1545,727,818
42000,1996,1541,725,817
42000,1997,1536,722,814
42000,1998,1530,719,811
42000,1999,1525,716,809
42000,2000,1517,712,804
42000,2001,1513,711,803
42000,2002,1507,708,800
42000,2003,1501,705,797
42000,2004,1495,702,794
42000,2005,1479,691,787
42000,2006,1466,685,782
42000,2007,1453,678,775
42000,2008,1440,671,769
42000,2009,1430,667,763
42000,2010,1427,666,761
42000,2011,1417,662,756
42000,2012,1408,657,750
42000,2013,1397,652,745
42000,2014,1386,648,739
42000,2015,1377,646,731
42000,2016,1367,642,725
42000,2017,1354,636,718
42000,2018,1341,631,710
42000,2019,1327,624,702
42000,2020,1312,617,695
42000,2021,1297,610,687
42000,2022,1283,604,679
42000,2023,1267,598,670
43000,1995,1860,880,980
43000,1996,1862,881,981
43000,1997,1863,881,982
43000,1998,1865,882,983
43000,1999,1865,881,983
43000,2000,1859,878,981
43000,2001,1860,878,982
43000,2002,1858,877,981
43000,2003,1855,875,980
43000,2004,1852,873,979
43000,2005,1842,867,975
43000,2006,1836,864,973
43000,2007,1828,859,968
43000,2008,1821,856,965
43000,2009,1814,852,961
43000,2010,1817,854,964
43000,2011,1813,852,961
43000,2012,1807,849,958
43000,2013,1801,847,955
43000,2014,1794,844,950
43000,2015,1786,841,945
43000,2016,1774,836,938
43000,2017,1765,833,933
43000,2018,1757,829,928
43000,2019,1748,825,922
43000,2020,1738,822,916
43000,2021,1728,818,910
43000,2022,1718,814,904
43000,2023,1709,811,898
44000,1995,1231,582,649
44000,1996,1230,581,649
44000,1997,1229,580,649
44000,1998,1228,580,648
44000,1999,1226,578,648
44000,2000,1221,576,645
44000,2001,1221,575,645
44000,2002,1219,575,645
44000,2003,1218,573,644
44000,2004,1215,572,643
44000,2005,1210,570,640
44000,2006,1206,568,638
44000,2007,1203,567,636
44000,2008,1200,566,635
44000,2009,1195,563,632
44000,2010,1197,565,632
44000,2011,1191,563,629
44000,2012,1185,560,625
44000,2013,1178,557,621
44000,2014,1171,554,617
44000,2015,1166,552,614
44000,2016,1160,549,611
44000,2017,1152,546,607
44000,2018,1144,542,602
44000,2019,1135,539,597
44000,2020,1124,533,590
44000,2021,1114,529,585
44000,2022,1107,526,581
44000,2023,1096,522,575
45000,1995,1176,556,620
45000,1996,1177,557,620
45000,1997,1177,556,620
45000,1998,1176,555,621
45000,1999,1176,555,620
45000,2000,1170,552,618
45000,2001,1169,551,618
45000,2002,1167,550,617
45000,2003,1164,548,616
45000,2004,1162,547,615
45000,2005,1153,542,611
45000,2006,1148,540,609
45000,2007,1143,537,606
45000,2008,1136,533,603
45000,2009,1132,531,601
45000,2010,1135,533,602
45000,2011,1131,531,600
45000,2012,1126,529,597
45000,2013,1120,526,594
45000,2014,1114,523,591
45000,2015,1104,519,585
45000,2016,1096,516,581
45000,2017,1089,512,577
45000,2018,1081,509,572
45000,2019,1073,505,568
45000,2020,1070,505,565
45000,2021,1061,501,560
45000,2022,1052,497,555
45000,2023,1042,492,550
46000,1995,1794,841,953
46000,1996,1793,840,953
46000,1997,1792,840,953
46000,1998,1791,839,952
46000,1999,1788,838,950
46000,2000,1786,838,948
46000,2001,1783,836,947
46000,2002,1779,834,945
46000,2003,1775,832,943
46000,2004,1769,829,940
46000,2005,1753,820,934
46000,2006,1743,814,929
46000,2007,1730,807,923
46000,2008,1717,800,917
46000,2009,1708,796,912
46000,2010,1706,797,909
46000,2011,1699,794,905
46000,2012,1690,790,900
46000,2013,1680,785,894
46000,2014,1668,780,888
46000,2015,1648,773,875
46000,2016,1637,768,869
46000,2017,1626,763,863
46000,2018,1614,758,856
46000,2019,1602,753,849
46000,2020,1588,748,840
46000,2021,1576,743,833
46000,2022,1563,738,825
46000,2023,1549,732,817
47000,1995,1273,625,649
47000,1996,1283,629,653
47000,1997,1291,634,658
47000,1998,1301,639,662
47000,1999,1312,644,667
47000,2000,1318,648,670
47000,2001,1329,653,676
47000,2002,1339,658,681
47000,2003,1349,663,686
47000,2004,1359,667,692
47000,2005,1362,669,693
47000,2006,1368,671,697
47000,2007,1373,673,700
47000,2008,1376,674,702
47000,2009,1382,677,705
47000,2010,1393,683,709
47000,2011,1401,687,714
47000,2012,1409,691,718
47000,2013,1415,694,721
47000,2014,1421,697,724
47000,2015,1434,705,729
47000,2016,1439,708,732
47000,2017,1443,709,734
47000,2018,1448,712,736
47000,2019,1453,715,738
47000,2020,1467,723,745
47000,2021,1468,723,745
47000,2022,1468,723,746
47000,2023,1468,723,745
